schl_nr,lemma,buchseite,band,pdf_seite,haelfte,feld,wert,korrekt,korrektur
00001,Aachener Straße,23,1,11,rechts,schl_nr,00001,,
00001,Aachener Straße,23,1,11,rechts,lemma,Aachener Straße,,
00001,Aachener Straße,23,1,11,rechts,stadtteile,Frohnhausen,,
00001,Aachener Straße,23,1,11,rechts,strassenklasse,Gemeindestraße,,
00001,Aachener Straße,23,1,11,rechts,namensgruppe,Stadt und Ort,,
00001,Aachener Straße,23,1,11,rechts,verweis_auf,,,
00001,Aachener Straße,23,1,11,rechts,stadium_1_datum,vor 1898,,
00001,Aachener Straße,23,1,11,rechts,stadium_1_name,Victoriastraße (tlw.),,
00001,Aachener Straße,23,1,11,rechts,stadium_2_datum,1902-05-16,,
00001,Aachener Straße,23,1,11,rechts,stadium_2_name,Aachener Straße,,
00001,Aachener Straße,23,1,11,rechts,stadium_3_datum,1909-03-05,,
00001,Aachener Straße,23,1,11,rechts,stadium_3_name,Aachener Straße (Verl.),,
00079,Am Gehölz,34,1,17,links,schl_nr,00079,,
00079,Am Gehölz,34,1,17,links,lemma,Am Gehölz,,
00079,Am Gehölz,34,1,17,links,stadtteile,Margarethenhöhe,,
00079,Am Gehölz,34,1,17,links,strassenklasse,Gemeindestraße,,
00079,Am Gehölz,34,1,17,links,namensgruppe,Botanik,,
00079,Am Gehölz,34,1,17,links,verweis_auf,,,
00079,Am Gehölz,34,1,17,links,stadium_1_datum,1914-10-09,,
00079,Am Gehölz,34,1,17,links,stadium_1_name,Am Gehölz,,
00208,Am Kreyenkrop,39,1,19,rechts,schl_nr,00208,,
00208,Am Kreyenkrop,39,1,19,rechts,lemma,Am Kreyenkrop,,
00208,Am Kreyenkrop,39,1,19,rechts,stadtteile,Bedingrade,,
00208,Am Kreyenkrop,39,1,19,rechts,strassenklasse,Landstraße,,
00208,Am Kreyenkrop,39,1,19,rechts,namensgruppe,"Flurname, 08.10.1896: Rohrstraße",,
00208,Am Kreyenkrop,39,1,19,rechts,verweis_auf,,,
00208,Am Kreyenkrop,39,1,19,rechts,stadium_1_datum,1915-07-09,,
00208,Am Kreyenkrop,39,1,19,rechts,stadium_1_name,Bedingrader Straße (tiw.),,
00208,Am Kreyenkrop,39,1,19,rechts,stadium_2_datum,1967-05-03,,
00208,Am Kreyenkrop,39,1,19,rechts,stadium_2_name,Am Kreyenkrop,,
00322,Bellenbergsteig,65,1,32,rechts,schl_nr,00322,,
00322,Bellenbergsteig,65,1,32,rechts,lemma,Bellenbergsteig,,
00322,Bellenbergsteig,65,1,32,rechts,stadtteile,Heidhausen,,
00322,Bellenbergsteig,65,1,32,rechts,strassenklasse,Gemeindestraße,,
00322,Bellenbergsteig,65,1,32,rechts,namensgruppe,Familienname,,
00322,Bellenbergsteig,65,1,32,rechts,verweis_auf,,,
00322,Bellenbergsteig,65,1,32,rechts,stadium_1_datum,1936-08-05,,
00322,Bellenbergsteig,65,1,32,rechts,stadium_1_name,Bellenbergsteig,,
00339,Berkenberg,67,1,33,rechts,schl_nr,00339,,
00339,Berkenberg,67,1,33,rechts,lemma,Berkenberg,,
00339,Berkenberg,67,1,33,rechts,stadtteile,Kray; Schonnebeck,,
00339,Berkenberg,67,1,33,rechts,strassenklasse,Gemeindestraße,,
00339,Berkenberg,67,1,33,rechts,namensgruppe,Flurname,,
00339,Berkenberg,67,1,33,rechts,verweis_auf,,,
00339,Berkenberg,67,1,33,rechts,stadium_1_datum,vor 1901,,
00339,Berkenberg,67,1,33,rechts,stadium_1_name,Hubertstraße,,
00339,Berkenberg,67,1,33,rechts,stadium_2_datum,1935-11-14,,
00339,Berkenberg,67,1,33,rechts,stadium_2_name,Berkenberg,,
00364,Breukelmannhang,80,1,40,links,schl_nr,00364,,
00364,Breukelmannhang,80,1,40,links,lemma,Breukelmannhang,,
00364,Breukelmannhang,80,1,40,links,stadtteile,Frintrop,,
00364,Breukelmannhang,80,1,40,links,strassenklasse,Gemeindestraße,,
00364,Breukelmannhang,80,1,40,links,namensgruppe,Hofname,,
00364,Breukelmannhang,80,1,40,links,verweis_auf,Breukelmannhof,,
00364,Breukelmannhang,80,1,40,links,stadium_1_datum,1977-03-11,,
00364,Breukelmannhang,80,1,40,links,stadium_1_name,Breukelmannhang,,
00486,Büssemstraße,84,1,42,links,schl_nr,00486,,
00486,Büssemstraße,84,1,42,links,lemma,Büssemstraße,,
00486,Büssemstraße,84,1,42,links,stadtteile,Steele,,
00486,Büssemstraße,84,1,42,links,strassenklasse,Gemeindestraße,,
00486,Büssemstraße,84,1,42,links,namensgruppe,"Person, Mann, Deutscher, Pfarrer",,
00486,Büssemstraße,84,1,42,links,verweis_auf,,,
00486,Büssemstraße,84,1,42,links,stadium_1_datum,1926-05-19,,
00486,Büssemstraße,84,1,42,links,stadium_1_name,Büssemstraße,,
00507,Byfanger Straße,87,1,43,rechts,schl_nr,00507,,
00507,Byfanger Straße,87,1,43,rechts,lemma,Byfanger Straße,,
00507,Byfanger Straße,87,1,43,rechts,stadtteile,Byfang; Kupferdreh,,
00507,Byfanger Straße,87,1,43,rechts,strassenklasse,Kreisstraße; Gemeindestraße,,
00507,Byfanger Straße,87,1,43,rechts,namensgruppe,Essener Geschichte und Örtlichkeit,,
00507,Byfanger Straße,87,1,43,rechts,verweis_auf,,,
00507,Byfanger Straße,87,1,43,rechts,stadium_1_datum,1901-01-30,,
00507,Byfanger Straße,87,1,43,rechts,stadium_1_name,Oststraße (tiw.),,
00507,Byfanger Straße,87,1,43,rechts,stadium_2_datum,1911,,
00507,Byfanger Straße,87,1,43,rechts,stadium_2_name,Wiesenstraße,,
00507,Byfanger Straße,87,1,43,rechts,stadium_3_datum,1933-11-27,,
00507,Byfanger Straße,87,1,43,rechts,stadium_3_name,Byfanger Straße,,
00507,Byfanger Straße,87,1,43,rechts,stadium_4_datum,1933-11-27,,
00507,Byfanger Straße,87,1,43,rechts,stadium_4_name,Byfanger Straße (Verl),,
00540,c Cäcilienstraße,87,1,43,rechts,schl_nr,00540,,
00540,c Cäcilienstraße,87,1,43,rechts,lemma,c Cäcilienstraße,,
00540,c Cäcilienstraße,87,1,43,rechts,stadtteile,Rüttenscheid,,
00540,c Cäcilienstraße,87,1,43,rechts,strassenklasse,,,
00540,c Cäcilienstraße,87,1,43,rechts,namensgruppe,Weiblicher Vorname,,
00540,c Cäcilienstraße,87,1,43,rechts,verweis_auf,,,
00540,c Cäcilienstraße,87,1,43,rechts,stadium_1_datum,1897-09-06,,
00540,c Cäcilienstraße,87,1,43,rechts,stadium_1_name,Cäcilienstraße,,
00558,Cathostraße,88,1,44,links,schl_nr,00558,,
00558,Cathostraße,88,1,44,links,lemma,Cathostraße,,
00558,Cathostraße,88,1,44,links,stadtteile,Bergeborbeck,,
00558,Cathostraße,88,1,44,links,strassenklasse,Gemeindestraße,,
00558,Cathostraße,88,1,44,links,namensgruppe,"Person, Frau, Deutsche, Weiblicher Vorname, Bergbau",,
00558,Cathostraße,88,1,44,links,verweis_auf,,,
00558,Cathostraße,88,1,44,links,stadium_1_datum,1966-06-13,,
00558,Cathostraße,88,1,44,links,stadium_1_name,Cathostraße,,
00577,Hinsbecker Hang,161,1,80,rechts,schl_nr,00577,,
00577,Hinsbecker Hang,161,1,80,rechts,lemma,Hinsbecker Hang,,
00577,Hinsbecker Hang,161,1,80,rechts,stadtteile,Kupferdreh,,
00577,Hinsbecker Hang,161,1,80,rechts,strassenklasse,Gemeindestraße,,
00577,Hinsbecker Hang,161,1,80,rechts,namensgruppe,Honnschaft,,
00577,Hinsbecker Hang,161,1,80,rechts,verweis_auf,Hinsbecker Berg,,
00577,Hinsbecker Hang,161,1,80,rechts,stadium_1_datum,1982-01-20,,
00577,Hinsbecker Hang,161,1,80,rechts,stadium_1_name,Hinsbecker Hang,,
00595,Dahlhauser Straße,91,1,45,rechts,schl_nr,00595,,
00595,Dahlhauser Straße,91,1,45,rechts,lemma,Dahlhauser Straße,,
00595,Dahlhauser Straße,91,1,45,rechts,stadtteile,Horst,,
00595,Dahlhauser Straße,91,1,45,rechts,strassenklasse,Kreisstraße; Gemeindestraße,,
00595,Dahlhauser Straße,91,1,45,rechts,namensgruppe,Stadt und Ort,,
00595,Dahlhauser Straße,91,1,45,rechts,verweis_auf,,,
00595,Dahlhauser Straße,91,1,45,rechts,stadium_1_datum,vor 1874,,
00595,Dahlhauser Straße,91,1,45,rechts,stadium_1_name,Schottländerweg,,
00595,Dahlhauser Straße,91,1,45,rechts,stadium_2_datum,vor 1874,,
00595,Dahlhauser Straße,91,1,45,rechts,stadium_2_name,Steeler Straße,,
00595,Dahlhauser Straße,91,1,45,rechts,stadium_3_datum,1905-04-13,,
00595,Dahlhauser Straße,91,1,45,rechts,stadium_3_name,Schottländerweg,,
00595,Dahlhauser Straße,91,1,45,rechts,stadium_4_datum,1925-04-16,,
00595,Dahlhauser Straße,91,1,45,rechts,stadium_4_name,Dahlhauser Straße,,
00891,Franziskanerhöhe,118,1,59,links,schl_nr,00891,,
00891,Franziskanerhöhe,118,1,59,links,lemma,Franziskanerhöhe,,
00891,Franziskanerhöhe,118,1,59,links,stadtteile,Südostviertel,,
00891,Franziskanerhöhe,118,1,59,links,strassenklasse,Gemeindestraße,,
00891,Franziskanerhöhe,118,1,59,links,namensgruppe,Kirche und Kloster,,
00891,Franziskanerhöhe,118,1,59,links,verweis_auf,Franziskanerstraße,,
00891,Franziskanerhöhe,118,1,59,links,stadium_1_datum,1922-03-08,,
00891,Franziskanerhöhe,118,1,59,links,stadium_1_name,Franziskanerhöhe,,
00891,Franziskanerhöhe,118,1,59,links,stadium_2_datum,1937-11-20,,
00891,Franziskanerhöhe,118,1,59,links,stadium_2_name,Kapitän-Lehmann-Höhe (Umb)),,
00891,Franziskanerhöhe,118,1,59,links,stadium_3_datum,1945-06-18,,
00891,Franziskanerhöhe,118,1,59,links,stadium_3_name,Franziskanerhöhe (Umb.),,
00916,Friedrich-Küch-Straße,120,1,60,links,schl_nr,00916,,
00916,Friedrich-Küch-Straße,120,1,60,links,lemma,Friedrich-Küch-Straße,,
00916,Friedrich-Küch-Straße,120,1,60,links,stadtteile,Huttrop,,
00916,Friedrich-Küch-Straße,120,1,60,links,strassenklasse,Gemeindestraße,,
00916,Friedrich-Küch-Straße,120,1,60,links,namensgruppe,"Person, Mann, Deutscher",,
00916,Friedrich-Küch-Straße,120,1,60,links,verweis_auf,,,
00916,Friedrich-Küch-Straße,120,1,60,links,stadium_1_datum,1914-10-09,,
00916,Friedrich-Küch-Straße,120,1,60,links,stadium_1_name,Begasstraße,,
00916,Friedrich-Küch-Straße,120,1,60,links,stadium_2_datum,1935-11-14,,
00916,Friedrich-Küch-Straße,120,1,60,links,stadium_2_name,Friedrich-Küch-Straße,,
01022,Gerswidastraße,127,1,63,rechts,schl_nr,01022,,
01022,Gerswidastraße,127,1,63,rechts,lemma,Gerswidastraße,,
01022,Gerswidastraße,127,1,63,rechts,stadtteile,Stadtkern,,
01022,Gerswidastraße,127,1,63,rechts,strassenklasse,Gemeindestraße,,
01022,Gerswidastraße,127,1,63,rechts,namensgruppe,"Person, Frau, Deutsche, Äbtissin, Essener Geschichte und Örtlichkeit",,
01022,Gerswidastraße,127,1,63,rechts,verweis_auf,,,
01022,Gerswidastraße,127,1,63,rechts,stadium_1_datum,vor 1826,,
01022,Gerswidastraße,127,1,63,rechts,stadium_1_name,II,,
01022,Gerswidastraße,127,1,63,rechts,stadium_2_datum,1966-06-13,,
01022,Gerswidastraße,127,1,63,rechts,stadium_2_name,Gerswidastraße,,
01144,Fritz-Schaub-Weg,121,1,60,rechts,schl_nr,01144,,
01144,Fritz-Schaub-Weg,121,1,60,rechts,lemma,Fritz-Schaub-Weg,,
01144,Fritz-Schaub-Weg,121,1,60,rechts,stadtteile,Burgaltendorf,,
01144,Fritz-Schaub-Weg,121,1,60,rechts,strassenklasse,Gemeindestraße,,
01144,Fritz-Schaub-Weg,121,1,60,rechts,namensgruppe,"Person, Mann, Deutscher, Schlosser, Politiker",,
01144,Fritz-Schaub-Weg,121,1,60,rechts,verweis_auf,,,
01144,Fritz-Schaub-Weg,121,1,60,rechts,stadium_1_datum,1998-10-20,,
01144,Fritz-Schaub-Weg,121,1,60,rechts,stadium_1_name,Fritz-Schaub-Weg,,
01151,Habichtstraße,138,1,69,links,schl_nr,01151,,
01151,Habichtstraße,138,1,69,links,lemma,Habichtstraße,,
01151,Habichtstraße,138,1,69,links,stadtteile,Stadtwald,,
01151,Habichtstraße,138,1,69,links,strassenklasse,Gemeindestraße,,
01151,Habichtstraße,138,1,69,links,namensgruppe,Zoologie,,
01151,Habichtstraße,138,1,69,links,verweis_auf,,,
01151,Habichtstraße,138,1,69,links,stadium_1_datum,1904-02-04,,
01151,Habichtstraße,138,1,69,links,stadium_1_name,Friedrichstraße,,
01151,Habichtstraße,138,1,69,links,stadium_2_datum,1910-09-16,,
01151,Habichtstraße,138,1,69,links,stadium_2_name,Habichtstraße,,
01151,Habichtstraße,138,1,69,links,stadium_3_datum,1974-04-24,,
01151,Habichtstraße,138,1,69,links,stadium_3_name,Habichtstraße (Verl),,
01410,Huyssenallee,173,1,86,rechts,schl_nr,01410,,
01410,Huyssenallee,173,1,86,rechts,lemma,Huyssenallee,,
01410,Huyssenallee,173,1,86,rechts,stadtteile,Südviertel,,
01410,Huyssenallee,173,1,86,rechts,strassenklasse,Gemeindestraße,,
01410,Huyssenallee,173,1,86,rechts,namensgruppe,"Familienname, Essener Geschichte und ÖOrtlichkeit",,
01410,Huyssenallee,173,1,86,rechts,verweis_auf,,,
01410,Huyssenallee,173,1,86,rechts,stadium_1_datum,"(urspr., kein Datum)",,
01410,Huyssenallee,173,1,86,rechts,stadium_1_name,Kettwiger Chaussee,,
01410,Huyssenallee,173,1,86,rechts,stadium_2_datum,1906-01-02,,
01410,Huyssenallee,173,1,86,rechts,stadium_2_name,Huyssenallee,,
01509,In der Borbeck,179,1,89,rechts,schl_nr,01509,,
01509,In der Borbeck,179,1,89,rechts,lemma,In der Borbeck,,
01509,In der Borbeck,179,1,89,rechts,stadtteile,Heidhausen,,
01509,In der Borbeck,179,1,89,rechts,strassenklasse,Gemeindestraße,,
01509,In der Borbeck,179,1,89,rechts,namensgruppe,Gewässer,,
01509,In der Borbeck,179,1,89,rechts,verweis_auf,,,
01509,In der Borbeck,179,1,89,rechts,stadium_1_datum,1922-06-02,,
01509,In der Borbeck,179,1,89,rechts,stadium_1_name,In der Borbeck,,
01510,In der Lake,179,1,89,rechts,schl_nr,01510,,
01510,In der Lake,179,1,89,rechts,lemma,In der Lake,,
01510,In der Lake,179,1,89,rechts,stadtteile,Horst,,
01510,In der Lake,179,1,89,rechts,strassenklasse,Gemeindestraße,,
01510,In der Lake,179,1,89,rechts,namensgruppe,Flurname,,
01510,In der Lake,179,1,89,rechts,verweis_auf,,,
01510,In der Lake,179,1,89,rechts,stadium_1_datum,1919-05-28,,
01510,In der Lake,179,1,89,rechts,stadium_1_name,In der Lake,,
01630,Kaldenhoverbaum,187,1,93,rechts,schl_nr,01630,,
01630,Kaldenhoverbaum,187,1,93,rechts,lemma,Kaldenhoverbaum,,
01630,Kaldenhoverbaum,187,1,93,rechts,stadtteile,Schönebeck,,
01630,Kaldenhoverbaum,187,1,93,rechts,strassenklasse,Gemeindestraße,,
01630,Kaldenhoverbaum,187,1,93,rechts,namensgruppe,Flurname,,
01630,Kaldenhoverbaum,187,1,93,rechts,verweis_auf,,,
01630,Kaldenhoverbaum,187,1,93,rechts,stadium_1_datum,1896-10-08,,
01630,Kaldenhoverbaum,187,1,93,rechts,stadium_1_name,Baumstraße,,
01630,Kaldenhoverbaum,187,1,93,rechts,stadium_2_datum,1915-07-09,,
01630,Kaldenhoverbaum,187,1,93,rechts,stadium_2_name,Kaldenhoverbaum,,
01635,Kamerunstraße,188,1,94,links,schl_nr,01635,,
01635,Kamerunstraße,188,1,94,links,lemma,Kamerunstraße,,
01635,Kamerunstraße,188,1,94,links,stadtteile,Gerschede,,
01635,Kamerunstraße,188,1,94,links,strassenklasse,Gemeindestraße,,
01635,Kamerunstraße,188,1,94,links,namensgruppe,Stadt und Ort,,
01635,Kamerunstraße,188,1,94,links,verweis_auf,,,
01738,Kleinheide,200,1,100,links,schl_nr,01738,,
01738,Kleinheide,200,1,100,links,lemma,Kleinheide,,
01738,Kleinheide,200,1,100,links,stadtteile,Byfang,,
01738,Kleinheide,200,1,100,links,strassenklasse,Gemeindestraße,,
01738,Kleinheide,200,1,100,links,namensgruppe,Kotten,,
01738,Kleinheide,200,1,100,links,verweis_auf,,,
01738,Kleinheide,200,1,100,links,stadium_1_datum,1928,,
01738,Kleinheide,200,1,100,links,stadium_1_name,Kleinheide,,
01762,Köln-Mindener-Straße,203,2,1,rechts,schl_nr,01762,,
01762,Köln-Mindener-Straße,203,2,1,rechts,lemma,Köln-Mindener-Straße,,
01762,Köln-Mindener-Straße,203,2,1,rechts,stadtteile,Stoppenberg; Katernberg,,
01762,Köln-Mindener-Straße,203,2,1,rechts,strassenklasse,Gemeindestraße,,
01762,Köln-Mindener-Straße,203,2,1,rechts,namensgruppe,Eisenbahnwesen,,
01762,Köln-Mindener-Straße,203,2,1,rechts,verweis_auf,,,
01762,Köln-Mindener-Straße,203,2,1,rechts,stadium_1_datum,1892-03-29,,
01762,Köln-Mindener-Straße,203,2,1,rechts,stadium_1_name,Bahnstraße,,
01762,Köln-Mindener-Straße,203,2,1,rechts,stadium_2_datum,1904-02-04,,
01762,Köln-Mindener-Straße,203,2,1,rechts,stadium_2_name,Köln-Mindener-Straße,,
01770,Kösters Busch,204,2,2,links,schl_nr,01770,,
01770,Kösters Busch,204,2,2,links,lemma,Kösters Busch,,
01770,Kösters Busch,204,2,2,links,stadtteile,Stoppenberg,,
01770,Kösters Busch,204,2,2,links,strassenklasse,Gemeindestraße,,
01770,Kösters Busch,204,2,2,links,namensgruppe,Hofname,,
01770,Kösters Busch,204,2,2,links,verweis_auf,,,
01770,Kösters Busch,204,2,2,links,stadium_1_datum,1910-12-20,,
01770,Kösters Busch,204,2,2,links,stadium_1_name,Zechenstraße,,
01770,Kösters Busch,204,2,2,links,stadium_2_datum,1936-01-15,,
01770,Kösters Busch,204,2,2,links,stadium_2_name,Kösters Busch,,
01837,Küppersheide,211,2,5,rechts,schl_nr,01837,,
01837,Küppersheide,211,2,5,rechts,lemma,Küppersheide,,
01837,Küppersheide,211,2,5,rechts,stadtteile,Bredeney,,
01837,Küppersheide,211,2,5,rechts,strassenklasse,Gemeindestraße,,
01837,Küppersheide,211,2,5,rechts,namensgruppe,Familienname,,
01837,Küppersheide,211,2,5,rechts,verweis_auf,,,
01837,Küppersheide,211,2,5,rechts,stadium_1_datum,1954-10-18,,
01837,Küppersheide,211,2,5,rechts,stadium_1_name,Küppersheide,,
01979,Linnekeskamp,224,2,12,links,schl_nr,01979,,
01979,Linnekeskamp,224,2,12,links,lemma,Linnekeskamp,,
01979,Linnekeskamp,224,2,12,links,stadtteile,Stoppenberg,,
01979,Linnekeskamp,224,2,12,links,strassenklasse,Gemeindestraße,,
01979,Linnekeskamp,224,2,12,links,namensgruppe,Flurname,,
01979,Linnekeskamp,224,2,12,links,verweis_auf,,,
01979,Linnekeskamp,224,2,12,links,stadium_1_datum,1953-03-03,,
01979,Linnekeskamp,224,2,12,links,stadium_1_name,Linnekeskamp,,
02191,Manderscheidtstraße,229,2,14,rechts,schl_nr,02191,,
02191,Manderscheidtstraße,229,2,14,rechts,lemma,Manderscheidtstraße,,
02191,Manderscheidtstraße,229,2,14,rechts,stadtteile,,,
02191,Manderscheidtstraße,229,2,14,rechts,strassenklasse,Gemeindestraße,,
02191,Manderscheidtstraße,229,2,14,rechts,namensgruppe,Familienname,,
02191,Manderscheidtstraße,229,2,14,rechts,verweis_auf,,,
02191,Manderscheidtstraße,229,2,14,rechts,stadium_1_datum,1969-01-15,,
02191,Manderscheidtstraße,229,2,14,rechts,stadium_1_name,Manderscheidtstraße,,
02191,Manderscheidtstraße,229,2,14,rechts,stadium_2_datum,1974-09-18,,
02191,Manderscheidtstraße,229,2,14,rechts,stadium_2_name,Manderscheidtstraße (Verl),,
02222,Nagelstraße,243,2,21,rechts,schl_nr,02222,,
02222,Nagelstraße,243,2,21,rechts,lemma,Nagelstraße,,
02222,Nagelstraße,243,2,21,rechts,stadtteile,Altenessen- Süd,,
02222,Nagelstraße,243,2,21,rechts,strassenklasse,Gemeindestraße,,
02222,Nagelstraße,243,2,21,rechts,namensgruppe,Industrie und Wirtschaft,,
02222,Nagelstraße,243,2,21,rechts,verweis_auf,,,
02222,Nagelstraße,243,2,21,rechts,stadium_1_datum,1909-11-26,,
02222,Nagelstraße,243,2,21,rechts,stadium_1_name,Nagelstraße,,
02353,Op de Heie,252,2,26,links,schl_nr,02353,,
02353,Op de Heie,252,2,26,links,lemma,Op de Heie,,
02353,Op de Heie,252,2,26,links,stadtteile,Schönebeck,,
02353,Op de Heie,252,2,26,links,strassenklasse,Gemeindestraße,,
02353,Op de Heie,252,2,26,links,namensgruppe,Lagebezeichnung,,
02353,Op de Heie,252,2,26,links,verweis_auf,,,
02353,Op de Heie,252,2,26,links,stadium_1_datum,1967-05-03,,
02353,Op de Heie,252,2,26,links,stadium_1_name,Op de Heie,,
02356,Overhammshof,254,2,27,links,schl_nr,02356,,
02356,Overhammshof,254,2,27,links,lemma,Overhammshof,,
02356,Overhammshof,254,2,27,links,stadtteile,Fischlaken,,
02356,Overhammshof,254,2,27,links,strassenklasse,Gemeindestraße,,
02356,Overhammshof,254,2,27,links,namensgruppe,"Hofname, 21",,
02356,Overhammshof,254,2,27,links,verweis_auf,,,
02461,Priemhauser Weg,265,2,32,rechts,schl_nr,02461,,
02461,Priemhauser Weg,265,2,32,rechts,lemma,Priemhauser Weg,,
02461,Priemhauser Weg,265,2,32,rechts,stadtteile,Kupferdreh,,
02461,Priemhauser Weg,265,2,32,rechts,strassenklasse,Gemeindestraße,,
02461,Priemhauser Weg,265,2,32,rechts,namensgruppe,Flurname,,
02461,Priemhauser Weg,265,2,32,rechts,verweis_auf,,,
02461,Priemhauser Weg,265,2,32,rechts,stadium_1_datum,"(urspr., kein Datum)",,
02461,Priemhauser Weg,265,2,32,rechts,stadium_1_name,Deilmannsweg {nicht amtl.),,
02461,Priemhauser Weg,265,2,32,rechts,stadium_2_datum,1937-11-20,,
02461,Priemhauser Weg,265,2,32,rechts,stadium_2_name,Priemhauser Weg,,
02468,Provesthöhe,267,2,33,rechts,schl_nr,02468,,
02468,Provesthöhe,267,2,33,rechts,lemma,Provesthöhe,,
02468,Provesthöhe,267,2,33,rechts,stadtteile,Kupferdreh,,
02468,Provesthöhe,267,2,33,rechts,strassenklasse,Gemeindestraße,,
02468,Provesthöhe,267,2,33,rechts,namensgruppe,Hofname,,
02468,Provesthöhe,267,2,33,rechts,verweis_auf,,,
02468,Provesthöhe,267,2,33,rechts,stadium_1_datum,1900-11-13,,
02468,Provesthöhe,267,2,33,rechts,stadium_1_name,Hochstraße,,
02468,Provesthöhe,267,2,33,rechts,stadium_2_datum,1937-11-20,,
02468,Provesthöhe,267,2,33,rechts,stadium_2_name,Provesthöhe,,
02510,Am Reiterhof,41,1,20,rechts,schl_nr,02510,,
02510,Am Reiterhof,41,1,20,rechts,lemma,Am Reiterhof,,
02510,Am Reiterhof,41,1,20,rechts,stadtteile,Stoppenberg,,
02510,Am Reiterhof,41,1,20,rechts,strassenklasse,Gemeindestraße,,
02510,Am Reiterhof,41,1,20,rechts,namensgruppe,"Lagebezeichnung, vorm.: Distelbeckhof (tiIw.)",,
02510,Am Reiterhof,41,1,20,rechts,verweis_auf,,,
02510,Am Reiterhof,41,1,20,rechts,stadium_1_datum,1988-06-24,,
02510,Am Reiterhof,41,1,20,rechts,stadium_1_name,Am Reiterhof,,
02534,Riedheim,273,2,36,rechts,schl_nr,02534,,
02534,Riedheim,273,2,36,rechts,lemma,Riedheim,,
02534,Riedheim,273,2,36,rechts,stadtteile,Schonnebeck,,
02534,Riedheim,273,2,36,rechts,strassenklasse,Gemeindestraße,,
02534,Riedheim,273,2,36,rechts,namensgruppe,Botanik,,
02534,Riedheim,273,2,36,rechts,verweis_auf,,,
02534,Riedheim,273,2,36,rechts,stadium_1_datum,1993-01-21,,
02534,Riedheim,273,2,36,rechts,stadium_1_name,Riedheim,,
02539,Kardinal-Hengsbach-Platz,190,1,95,links,schl_nr,02539,,
02539,Kardinal-Hengsbach-Platz,190,1,95,links,lemma,Kardinal-Hengsbach-Platz,,
02539,Kardinal-Hengsbach-Platz,190,1,95,links,stadtteile,Stadtkern,,
02539,Kardinal-Hengsbach-Platz,190,1,95,links,strassenklasse,Gemeindestraße,,
02539,Kardinal-Hengsbach-Platz,190,1,95,links,namensgruppe,"Person, Mann, Deutscher, Kardinal, Platz",,
02539,Kardinal-Hengsbach-Platz,190,1,95,links,verweis_auf,,,
02539,Kardinal-Hengsbach-Platz,190,1,95,links,stadium_1_datum,1930-05-31,,
02539,Kardinal-Hengsbach-Platz,190,1,95,links,stadium_1_name,Kurienplatz,,
02539,Kardinal-Hengsbach-Platz,190,1,95,links,stadium_2_datum,1994-05-18,,
02539,Kardinal-Hengsbach-Platz,190,1,95,links,stadium_2_name,Kardinal-Hengsbach-Platz,,
02541,Rabenhorst,267,2,33,rechts,schl_nr,02541,,
02541,Rabenhorst,267,2,33,rechts,lemma,Rabenhorst,,
02541,Rabenhorst,267,2,33,rechts,stadtteile,Bedingrade; Borbeck-Mitte,,
02541,Rabenhorst,267,2,33,rechts,strassenklasse,Gemeindestraße,,
02541,Rabenhorst,267,2,33,rechts,namensgruppe,Flurname,,
02541,Rabenhorst,267,2,33,rechts,verweis_auf,,,
02541,Rabenhorst,267,2,33,rechts,stadium_1_datum,1893-05-13,,
02541,Rabenhorst,267,2,33,rechts,stadium_1_name,Parkstraße,,
02541,Rabenhorst,267,2,33,rechts,stadium_2_datum,1915-07-09,,
02541,Rabenhorst,267,2,33,rechts,stadium_2_name,Rabenhorst,,
02552,Raiffeisenweg,268,2,34,links,schl_nr,02552,,
02552,Raiffeisenweg,268,2,34,links,lemma,Raiffeisenweg,,
02552,Raiffeisenweg,268,2,34,links,stadtteile,Gerschede,,
02552,Raiffeisenweg,268,2,34,links,strassenklasse,Gemeindestraße,,
02552,Raiffeisenweg,268,2,34,links,namensgruppe,"Person, Mann, Deutscher, Kommunalbeamter, Siedlung",,
02552,Raiffeisenweg,268,2,34,links,verweis_auf,,,
02552,Raiffeisenweg,268,2,34,links,stadium_1_datum,1938-10-21,,
02552,Raiffeisenweg,268,2,34,links,stadium_1_name,Raiffeisenweg,,
02626,Roggenstraße,277,2,38,rechts,schl_nr,02626,,
02626,Roggenstraße,277,2,38,rechts,lemma,Roggenstraße,,
02626,Roggenstraße,277,2,38,rechts,stadtteile,Bochold,,
02626,Roggenstraße,277,2,38,rechts,strassenklasse,Gemeindestraße,,
02626,Roggenstraße,277,2,38,rechts,namensgruppe,Botanik,,
02626,Roggenstraße,277,2,38,rechts,verweis_auf,,,
02626,Roggenstraße,277,2,38,rechts,stadium_1_datum,1891-04-30,,
02626,Roggenstraße,277,2,38,rechts,stadium_1_name,Kornstraße,,
02626,Roggenstraße,277,2,38,rechts,stadium_2_datum,1915-07-09,,
02626,Roggenstraße,277,2,38,rechts,stadium_2_name,Roggenstraße,,
02684,Römlingweg,276,2,38,links,schl_nr,02684,,
02684,Römlingweg,276,2,38,links,lemma,Römlingweg,,
02684,Römlingweg,276,2,38,links,stadtteile,Überruhr- Holthausen,,
02684,Römlingweg,276,2,38,links,strassenklasse,Gemeindestraße,,
02684,Römlingweg,276,2,38,links,namensgruppe,Familienname,,
02684,Römlingweg,276,2,38,links,verweis_auf,,,
02684,Römlingweg,276,2,38,links,stadium_1_datum,1970-02-24,,
02684,Römlingweg,276,2,38,links,stadium_1_name,Römlingweg,,
02727,Annental,309,2,54,rechts,schl_nr,02727,,
02727,Annental,309,2,54,rechts,lemma,Annental,,
02727,Annental,309,2,54,rechts,stadtteile,Bergerhausen; Rellinghausen,,
02727,Annental,309,2,54,rechts,strassenklasse,Gemeindestraße,,
02727,Annental,309,2,54,rechts,namensgruppe,Kirche und Kloster,,
02727,Annental,309,2,54,rechts,verweis_auf,,,
02727,Annental,309,2,54,rechts,stadium_1_datum,1904-02-04,,
02727,Annental,309,2,54,rechts,stadium_1_name,Kapellenstraße,,
02727,Annental,309,2,54,rechts,stadium_2_datum,1910-09-16,,
02727,Annental,309,2,54,rechts,stadium_2_name,Walpurgisstraße (tiw.),,
02727,Annental,309,2,54,rechts,stadium_3_datum,1926-09-18,,
02727,Annental,309,2,54,rechts,stadium_3_name,St,,
02774,Schlenterstraße,291,2,45,rechts,schl_nr,02774,,
02774,Schlenterstraße,291,2,45,rechts,lemma,Schlenterstraße,,
02774,Schlenterstraße,291,2,45,rechts,stadtteile,Frintrop,,
02774,Schlenterstraße,291,2,45,rechts,strassenklasse,Gemeindestraße,,
02774,Schlenterstraße,291,2,45,rechts,namensgruppe,"Person, Mann, Deutscher, Pfarrer, 29.08.1927: Schlenterstraße",,
02774,Schlenterstraße,291,2,45,rechts,verweis_auf,,,
02876,Sieglindenstraße,303,2,51,rechts,schl_nr,02876,,
02876,Sieglindenstraße,303,2,51,rechts,lemma,Sieglindenstraße,,
02876,Sieglindenstraße,303,2,51,rechts,stadtteile,Kray,,
02876,Sieglindenstraße,303,2,51,rechts,strassenklasse,Gemeindestraße,,
02876,Sieglindenstraße,303,2,51,rechts,namensgruppe,Sage,,
02876,Sieglindenstraße,303,2,51,rechts,verweis_auf,,,
02876,Sieglindenstraße,303,2,51,rechts,stadium_1_datum,1921,,
02876,Sieglindenstraße,303,2,51,rechts,stadium_1_name,Sieglindenstraße,,
02949,Spervogelweg,306,2,53,links,schl_nr,02949,,
02949,Spervogelweg,306,2,53,links,lemma,Spervogelweg,,
02949,Spervogelweg,306,2,53,links,stadtteile,Freisenbruch,,
02949,Spervogelweg,306,2,53,links,strassenklasse,Gemeindestraße,,
02949,Spervogelweg,306,2,53,links,namensgruppe,"Person, Mann, Deutschen, Minnesängerr 27",,
02949,Spervogelweg,306,2,53,links,verweis_auf,,,
03114,Ten-Hövel-Weg,320,2,60,links,schl_nr,03114,,
03114,Ten-Hövel-Weg,320,2,60,links,lemma,Ten-Hövel-Weg,,
03114,Ten-Hövel-Weg,320,2,60,links,stadtteile,Heisingen,,
03114,Ten-Hövel-Weg,320,2,60,links,strassenklasse,Gemeindestraße,,
03114,Ten-Hövel-Weg,320,2,60,links,namensgruppe,"Person, Mann, Deutscher, Bürgermeister",,
03114,Ten-Hövel-Weg,320,2,60,links,verweis_auf,,,
03114,Ten-Hövel-Weg,320,2,60,links,stadium_1_datum,1975-12-16,,
03114,Ten-Hövel-Weg,320,2,60,links,stadium_1_name,Ten- Hövel-Weg,,
03329,Wegenerstraße,342,2,71,links,schl_nr,03329,,
03329,Wegenerstraße,342,2,71,links,lemma,Wegenerstraße,,
03329,Wegenerstraße,342,2,71,links,stadtteile,Rüttenscheid,,
03329,Wegenerstraße,342,2,71,links,strassenklasse,Gemeindestraße,,
03329,Wegenerstraße,342,2,71,links,namensgruppe,"Person, Mann, Deutscher, Geophysiker, Polarforscher",,
03329,Wegenerstraße,342,2,71,links,verweis_auf,,,
03329,Wegenerstraße,342,2,71,links,stadium_1_datum,1897-09-06,,
03329,Wegenerstraße,342,2,71,links,stadium_1_name,Franzstraße,,
03329,Wegenerstraße,342,2,71,links,stadium_2_datum,1906-01-26,,
03329,Wegenerstraße,342,2,71,links,stadium_2_name,Ludgerusstraße,,
03329,Wegenerstraße,342,2,71,links,stadium_3_datum,1937-11-20,,
03329,Wegenerstraße,342,2,71,links,stadium_3_name,Wegenerstraße,,
03355,Werner-Viebig-Weg,344,2,72,links,schl_nr,03355,,
03355,Werner-Viebig-Weg,344,2,72,links,lemma,Werner-Viebig-Weg,,
03355,Werner-Viebig-Weg,344,2,72,links,stadtteile,Kray,,
03355,Werner-Viebig-Weg,344,2,72,links,strassenklasse,Gemeindestraße,,
03355,Werner-Viebig-Weg,344,2,72,links,namensgruppe,"Person, Mann, Deutscher, Betriebsdirektor, Siedlung",,
03355,Werner-Viebig-Weg,344,2,72,links,verweis_auf,,,
03355,Werner-Viebig-Weg,344,2,72,links,stadium_1_datum,"(urspr., kein Datum)",,
03355,Werner-Viebig-Weg,344,2,72,links,stadium_1_name,Franziskastraße,,
03355,Werner-Viebig-Weg,344,2,72,links,stadium_2_datum,1937-11-20,,
03355,Werner-Viebig-Weg,344,2,72,links,stadium_2_name,Werner-Viebig- Weg,,
03432,Wolfsbankstraße,353,2,76,rechts,schl_nr,03432,,
03432,Wolfsbankstraße,353,2,76,rechts,lemma,Wolfsbankstraße,,
03432,Wolfsbankstraße,353,2,76,rechts,stadtteile,Bochold,,
03432,Wolfsbankstraße,353,2,76,rechts,strassenklasse,Gemeindestraße,,
03432,Wolfsbankstraße,353,2,76,rechts,namensgruppe,"Bergbau, Industrie und Wirtschaft",,
03432,Wolfsbankstraße,353,2,76,rechts,verweis_auf,,,
03432,Wolfsbankstraße,353,2,76,rechts,stadium_1_datum,1896-10-08,,
03432,Wolfsbankstraße,353,2,76,rechts,stadium_1_name,Viktoriastraße,,
03432,Wolfsbankstraße,353,2,76,rechts,stadium_2_datum,1897-01-22,,
03432,Wolfsbankstraße,353,2,76,rechts,stadium_2_name,Frankstraße,,
03432,Wolfsbankstraße,353,2,76,rechts,stadium_3_datum,1896-10-08,,
03432,Wolfsbankstraße,353,2,76,rechts,stadium_3_name,Viktoriastraße,,
03432,Wolfsbankstraße,353,2,76,rechts,stadium_4_datum,1906-06-20,,
03432,Wolfsbankstraße,353,2,76,rechts,stadium_4_name,Funkestraße,,
03432,Wolfsbankstraße,353,2,76,rechts,stadium_5_datum,1907-03-01,,
03432,Wolfsbankstraße,353,2,76,rechts,stadium_5_name,Carl-Funke- Straße,,
03432,Wolfsbankstraße,353,2,76,rechts,stadium_6_datum,1915-07-09,,
03432,Wolfsbankstraße,353,2,76,rechts,stadium_6_name,Wolfsbankstraße,,
03432,Wolfsbankstraße,353,2,76,rechts,stadium_7_datum,1972-09-20,,
03432,Wolfsbankstraße,353,2,76,rechts,stadium_7_name,Wolfsbankstraße (Verl),,
03709,Lahnstraße,214,2,7,links,schl_nr,03709,,
03709,Lahnstraße,214,2,7,links,lemma,Lahnstraße,,
03709,Lahnstraße,214,2,7,links,stadtteile,Kettwig,,
03709,Lahnstraße,214,2,7,links,strassenklasse,Gemeindestraße,,
03709,Lahnstraße,214,2,7,links,namensgruppe,Gewässer,,
03709,Lahnstraße,214,2,7,links,verweis_auf,,,
03709,Lahnstraße,214,2,7,links,stadium_1_datum,1970-10-06,,
03709,Lahnstraße,214,2,7,links,stadium_1_name,Lahnstraße,,
03748,Schulstraße,298,2,49,links,schl_nr,03748,,
03748,Schulstraße,298,2,49,links,lemma,Schulstraße,,
03748,Schulstraße,298,2,49,links,stadtteile,Kettwig,,
03748,Schulstraße,298,2,49,links,strassenklasse,Gemeindestraße,,
03748,Schulstraße,298,2,49,links,namensgruppe,Lagebezeichnung,,
03748,Schulstraße,298,2,49,links,verweis_auf,,,
03748,Schulstraße,298,2,49,links,stadium_1_datum,vor 1872,,
03748,Schulstraße,298,2,49,links,stadium_1_name,Schulstraße,,
03748,Schulstraße,298,2,49,links,stadium_2_datum,1939-03-14,,
03748,Schulstraße,298,2,49,links,stadium_2_name,Langemarckstraße (Umb,,
03748,Schulstraße,298,2,49,links,stadium_3_datum,1946-04-04,,
03748,Schulstraße,298,2,49,links,stadium_3_name,Schulstraße (Umb.),,
