pdf	pdf_seite	schnitt_x	breite	talbreite	erkannt
Dickhoff_Essener Straßen_2015_1.pdf	1	1850	4005	658	ja
Dickhoff_Essener Straßen_2015_1.pdf	2	1897	4013	605	ja
Dickhoff_Essener Straßen_2015_1.pdf	3	2063	3942	131	ja
Dickhoff_Essener Straßen_2015_1.pdf	4	1741	3942	458	ja
Dickhoff_Essener Straßen_2015_1.pdf	5	2059	3942	136	ja
Dickhoff_Essener Straßen_2015_1.pdf	6	1747	3942	451	ja
Dickhoff_Essener Straßen_2015_1.pdf	7	1746	3942	454	ja
Dickhoff_Essener Straßen_2015_1.pdf	8	1745	3942	460	ja
Dickhoff_Essener Straßen_2015_1.pdf	9	1767	3967	447	ja
Dickhoff_Essener Straßen_2015_1.pdf	10	1770	3959	436	ja
Dickhoff_Essener Straßen_2015_1.pdf	11	1778	3967	429	ja
Dickhoff_Essener Straßen_2015_1.pdf	12	2075	3967	95	ja
Dickhoff_Essener Straßen_2015_1.pdf	13	2073	3967	94	ja
Dickhoff_Essener Straßen_2015_1.pdf	14	2078	3967	98	ja
Dickhoff_Essener Straßen_2015_1.pdf	15	2086	3975	104	ja
Dickhoff_Essener Straßen_2015_1.pdf	16	2083	3967	91	ja
Dickhoff_Essener Straßen_2015_1.pdf	17	2106	3984	92	ja
Dickhoff_Essener Straßen_2015_1.pdf	18	2123	3992	102	ja
Dickhoff_Essener Straßen_2015_1.pdf	19	2125	3992	102	ja
Dickhoff_Essener Straßen_2015_1.pdf	20	2138	4005	104	ja
Dickhoff_Essener Straßen_2015_1.pdf	21	2140	4000	112	ja
Dickhoff_Essener Straßen_2015_1.pdf	22	2131	4005	100	ja
Dickhoff_Essener Straßen_2015_1.pdf	23	2126	3992	101	ja
Dickhoff_Essener Straßen_2015_1.pdf	24	2135	4005	102	ja
Dickhoff_Essener Straßen_2015_1.pdf	25	2131	4000	103	ja
Dickhoff_Essener Straßen_2015_1.pdf	26	2097	3975	107	ja
Dickhoff_Essener Straßen_2015_1.pdf	27	2102	3984	107	ja
Dickhoff_Essener Straßen_2015_1.pdf	28	2108	3992	99	ja
Dickhoff_Essener Straßen_2015_1.pdf	29	2107	3992	95	ja
Dickhoff_Essener Straßen_2015_1.pdf	30	2108	3984	106	ja
Dickhoff_Essener Straßen_2015_1.pdf	31	2121	4000	106	ja
Dickhoff_Essener Straßen_2015_1.pdf	32	2100	4021	69	ja
Dickhoff_Essener Straßen_2015_1.pdf	33	2107	4030	72	ja
Dickhoff_Essener Straßen_2015_1.pdf	34	2110	4030	81	ja
Dickhoff_Essener Straßen_2015_1.pdf	35	2111	4038	86	ja
Dickhoff_Essener Straßen_2015_1.pdf	36	2128	4046	80	ja
Dickhoff_Essener Straßen_2015_1.pdf	37	2142	4055	90	ja
Dickhoff_Essener Straßen_2015_1.pdf	38	2133	4055	90	ja
Dickhoff_Essener Straßen_2015_1.pdf	39	2151	4125	102	ja
Dickhoff_Essener Straßen_2015_1.pdf	40	2145	4063	88	ja
Dickhoff_Essener Straßen_2015_1.pdf	41	2153	4071	94	ja
Dickhoff_Essener Straßen_2015_1.pdf	42	2031	4071	98	ja
Dickhoff_Essener Straßen_2015_1.pdf	43	2134	4071	92	ja
Dickhoff_Essener Straßen_2015_1.pdf	44	2018	4096	96	ja
Dickhoff_Essener Straßen_2015_1.pdf	45	1881	3855	83	ja
Dickhoff_Essener Straßen_2015_1.pdf	46	2127	4080	92	ja
Dickhoff_Essener Straßen_2015_1.pdf	47	2130	4088	87	ja
Dickhoff_Essener Straßen_2015_1.pdf	48	1945	3800	69	ja
Dickhoff_Essener Straßen_2015_1.pdf	49	1982	3846	77	ja
Dickhoff_Essener Straßen_2015_1.pdf	50	1956	3800	78	ja
Dickhoff_Essener Straßen_2015_1.pdf	51	1956	3800	90	ja
Dickhoff_Essener Straßen_2015_1.pdf	52	1964	3800	79	ja
Dickhoff_Essener Straßen_2015_1.pdf	53	1935	3792	88	ja
Dickhoff_Essener Straßen_2015_1.pdf	54	1973	3821	104	ja
Dickhoff_Essener Straßen_2015_1.pdf	55	1947	3800	100	ja
Dickhoff_Essener Straßen_2015_1.pdf	56	1954	3813	118	ja
Dickhoff_Essener Straßen_2015_1.pdf	57	1966	3830	119	ja
Dickhoff_Essener Straßen_2015_1.pdf	58	1967	3805	120	ja
Dickhoff_Essener Straßen_2015_1.pdf	59	1969	3821	119	ja
Dickhoff_Essener Straßen_2015_1.pdf	60	1963	3813	112	ja
Dickhoff_Essener Straßen_2015_1.pdf	61	1958	3813	109	ja
Dickhoff_Essener Straßen_2015_1.pdf	62	1964	3838	106	ja
Dickhoff_Essener Straßen_2015_1.pdf	63	1962	3813	99	ja
Dickhoff_Essener Straßen_2015_1.pdf	64	1939	3775	53	ja
Dickhoff_Essener Straßen_2015_1.pdf	65	1948	3821	69	ja
Dickhoff_Essener Straßen_2015_1.pdf	66	1957	3813	90	ja
Dickhoff_Essener Straßen_2015_1.pdf	67	1950	3800	88	ja
Dickhoff_Essener Straßen_2015_1.pdf	68	1948	3800	75	ja
Dickhoff_Essener Straßen_2015_1.pdf	69	1953	3800	94	ja
Dickhoff_Essener Straßen_2015_1.pdf	70	1952	3800	96	ja
Dickhoff_Essener Straßen_2015_1.pdf	71	1949	3805	96	ja
Dickhoff_Essener Straßen_2015_1.pdf	72	1904	3800	214	ja
Dickhoff_Essener Straßen_2015_1.pdf	73	1912	3813	236	ja
Dickhoff_Essener Straßen_2015_1.pdf	74	1962	3813	130	ja
Dickhoff_Essener Straßen_2015_1.pdf	75	1973	3821	128	ja
Dickhoff_Essener Straßen_2015_1.pdf	76	1917	3821	232	ja
Dickhoff_Essener Straßen_2015_1.pdf	77	1976	3846	114	ja
Dickhoff_Essener Straßen_2015_1.pdf	78	1974	3830	103	ja
Dickhoff_Essener Straßen_2015_1.pdf	79	1950	3792	107	ja
Dickhoff_Essener Straßen_2015_1.pdf	80	1851	3784	74	ja
Dickhoff_Essener Straßen_2015_1.pdf	81	1966	3838	81	ja
Dickhoff_Essener Straßen_2015_1.pdf	82	1974	3830	88	ja
Dickhoff_Essener Straßen_2015_1.pdf	83	1966	3830	91	ja
Dickhoff_Essener Straßen_2015_1.pdf	84	1967	3830	94	ja
Dickhoff_Essener Straßen_2015_1.pdf	85	1980	3821	105	ja
Dickhoff_Essener Straßen_2015_1.pdf	86	1959	3805	101	ja
Dickhoff_Essener Straßen_2015_1.pdf	87	1960	3813	103	ja
Dickhoff_Essener Straßen_2015_1.pdf	88	1971	3830	114	ja
Dickhoff_Essener Straßen_2015_1.pdf	89	1903	3813	232	ja
Dickhoff_Essener Straßen_2015_1.pdf	90	1899	3800	213	ja
Dickhoff_Essener Straßen_2015_1.pdf	91	1913	3813	213	ja
Dickhoff_Essener Straßen_2015_1.pdf	92	1954	3800	123	ja
Dickhoff_Essener Straßen_2015_1.pdf	93	1957	3800	114	ja
Dickhoff_Essener Straßen_2015_1.pdf	94	1957	3805	113	ja
Dickhoff_Essener Straßen_2015_1.pdf	95	1967	3805	120	ja
Dickhoff_Essener Straßen_2015_1.pdf	96	1874	3750	149	ja
Dickhoff_Essener Straßen_2015_1.pdf	97	1943	3800	103	ja
Dickhoff_Essener Straßen_2015_1.pdf	98	1949	3813	100	ja
Dickhoff_Essener Straßen_2015_1.pdf	99	1948	3813	102	ja
Dickhoff_Essener Straßen_2015_1.pdf	100	1947	3800	116	ja
Dickhoff_Essener Straßen_2015_2.pdf	1	1942	3792	119	ja
Dickhoff_Essener Straßen_2015_2.pdf	2	1974	3821	118	ja
Dickhoff_Essener Straßen_2015_2.pdf	3	1968	3805	120	ja
Dickhoff_Essener Straßen_2015_2.pdf	4	1979	3838	119	ja
Dickhoff_Essener Straßen_2015_2.pdf	5	1922	3838	242	ja
Dickhoff_Essener Straßen_2015_2.pdf	6	1925	3838	228	ja
Dickhoff_Essener Straßen_2015_2.pdf	7	1916	3830	225	ja
Dickhoff_Essener Straßen_2015_2.pdf	8	1929	3838	218	ja
Dickhoff_Essener Straßen_2015_2.pdf	9	1927	3838	222	ja
Dickhoff_Essener Straßen_2015_2.pdf	10	1923	3830	216	ja
Dickhoff_Essener Straßen_2015_2.pdf	11	1971	3830	113	ja
Dickhoff_Essener Straßen_2015_2.pdf	12	1911	3792	173	ja
Dickhoff_Essener Straßen_2015_2.pdf	13	1961	3813	97	ja
Dickhoff_Essener Straßen_2015_2.pdf	14	1967	3813	107	ja
Dickhoff_Essener Straßen_2015_2.pdf	15	1958	3821	110	ja
Dickhoff_Essener Straßen_2015_2.pdf	16	1943	3800	109	ja
Dickhoff_Essener Straßen_2015_2.pdf	17	1948	3800	120	ja
Dickhoff_Essener Straßen_2015_2.pdf	18	1966	3813	113	ja
Dickhoff_Essener Straßen_2015_2.pdf	19	1965	3813	116	ja
Dickhoff_Essener Straßen_2015_2.pdf	20	1916	3830	219	ja
Dickhoff_Essener Straßen_2015_2.pdf	21	1907	3805	236	ja
Dickhoff_Essener Straßen_2015_2.pdf	22	1893	3805	221	ja
Dickhoff_Essener Straßen_2015_2.pdf	23	1914	3805	232	ja
Dickhoff_Essener Straßen_2015_2.pdf	24	1901	3805	224	ja
Dickhoff_Essener Straßen_2015_2.pdf	25	1971	3838	113	ja
Dickhoff_Essener Straßen_2015_2.pdf	26	1909	3805	228	ja
Dickhoff_Essener Straßen_2015_2.pdf	27	1916	3750	77	ja
Dickhoff_Essener Straßen_2015_2.pdf	28	1908	3792	85	ja
Dickhoff_Essener Straßen_2015_2.pdf	29	1911	3800	159	ja
Dickhoff_Essener Straßen_2015_2.pdf	30	1924	3813	172	ja
Dickhoff_Essener Straßen_2015_2.pdf	31	1904	3800	188	ja
Dickhoff_Essener Straßen_2015_2.pdf	32	1907	3813	184	ja
Dickhoff_Essener Straßen_2015_2.pdf	33	1913	3800	194	ja
Dickhoff_Essener Straßen_2015_2.pdf	34	1911	3800	208	ja
Dickhoff_Essener Straßen_2015_2.pdf	35	1950	3800	120	ja
Dickhoff_Essener Straßen_2015_2.pdf	36	1905	3813	222	ja
Dickhoff_Essener Straßen_2015_2.pdf	37	1910	3805	218	ja
Dickhoff_Essener Straßen_2015_2.pdf	38	1927	3830	219	ja
Dickhoff_Essener Straßen_2015_2.pdf	39	1921	3805	214	ja
Dickhoff_Essener Straßen_2015_2.pdf	40	1924	3805	208	ja
Dickhoff_Essener Straßen_2015_2.pdf	41	1953	3805	113	ja
Dickhoff_Essener Straßen_2015_2.pdf	42	1909	3805	211	ja
Dickhoff_Essener Straßen_2015_2.pdf	43	1974	3830	119	ja
Dickhoff_Essener Straßen_2015_2.pdf	44	1888	3784	170	ja
Dickhoff_Essener Straßen_2015_2.pdf	45	1937	3805	98	ja
Dickhoff_Essener Straßen_2015_2.pdf	46	1954	3813	108	ja
Dickhoff_Essener Straßen_2015_2.pdf	47	2228	4238	108	ja
Dickhoff_Essener Straßen_2015_2.pdf	48	1970	3830	103	ja
Dickhoff_Essener Straßen_2015_2.pdf	49	1978	3838	110	ja
Dickhoff_Essener Straßen_2015_2.pdf	50	1961	3813	119	ja
Dickhoff_Essener Straßen_2015_2.pdf	51	1972	3813	123	ja
Dickhoff_Essener Straßen_2015_2.pdf	52	1914	3821	230	ja
Dickhoff_Essener Straßen_2015_2.pdf	53	2186	4238	225	ja
Dickhoff_Essener Straßen_2015_2.pdf	54	1913	3813	233	ja
Dickhoff_Essener Straßen_2015_2.pdf	55	1921	3813	223	ja
Dickhoff_Essener Straßen_2015_2.pdf	56	2174	4255	225	ja
Dickhoff_Essener Straßen_2015_2.pdf	57	2162	4246	216	ja
Dickhoff_Essener Straßen_2015_2.pdf	58	1971	3821	103	ja
Dickhoff_Essener Straßen_2015_2.pdf	59	2230	4246	109	ja
Dickhoff_Essener Straßen_2015_2.pdf	60	2193	4246	89	ja
Dickhoff_Essener Straßen_2015_2.pdf	61	1951	3805	87	ja
Dickhoff_Essener Straßen_2015_2.pdf	62	2208	4238	97	ja
Dickhoff_Essener Straßen_2015_2.pdf	63	2208	4271	106	ja
Dickhoff_Essener Straßen_2015_2.pdf	64	2223	4255	91	ja
Dickhoff_Essener Straßen_2015_2.pdf	65	2218	4263	102	ja
Dickhoff_Essener Straßen_2015_2.pdf	66	2222	4280	107	ja
Dickhoff_Essener Straßen_2015_2.pdf	67	2224	4271	99	ja
Dickhoff_Essener Straßen_2015_2.pdf	68	2104	4288	104	ja
Dickhoff_Essener Straßen_2015_2.pdf	69	2163	4288	216	ja
Dickhoff_Essener Straßen_2015_2.pdf	70	2168	4300	226	ja
Dickhoff_Essener Straßen_2015_2.pdf	71	2165	4334	234	ja
Dickhoff_Essener Straßen_2015_2.pdf	72	2147	4334	223	ja
Dickhoff_Essener Straßen_2015_2.pdf	73	2090	4334	113	ja
Dickhoff_Essener Straßen_2015_2.pdf	74	2093	4334	136	ja
Dickhoff_Essener Straßen_2015_2.pdf	75	2082	4325	126	ja
Dickhoff_Essener Straßen_2015_2.pdf	76	2167	4159	51	ja
Dickhoff_Essener Straßen_2015_2.pdf	77	1904	3775	190	ja
Dickhoff_Essener Straßen_2015_2.pdf	78	1850	3750	110	ja
Dickhoff_Essener Straßen_2015_2.pdf	79	2087	4167	100	ja
Dickhoff_Essener Straßen_2015_2.pdf	80	2089	4167	95	ja
Dickhoff_Essener Straßen_2015_2.pdf	81	2202	4150	94	ja
Dickhoff_Essener Straßen_2015_2.pdf	82	1896	4142	461	ja
Dickhoff_Essener Straßen_2015_2.pdf	83	2231	4150	197	ja
Dickhoff_Essener Straßen_2015_2.pdf	84	2356	4159	444	ja
Dickhoff_Essener Straßen_2015_2.pdf	85	2101	4192	381	ja
Dickhoff_Essener Straßen_2015_2.pdf	86	2126	4163	338	ja
Dickhoff_Essener Straßen_2015_2.pdf	87	2114	4159	260	ja
Dickhoff_Essener Straßen_2015_2.pdf	88	2016	4134	409	ja
Dickhoff_Essener Straßen_2015_2.pdf	89	2026	4205	420	ja
Dickhoff_Essener Straßen_2015_2.pdf	90	2026	4121	368	ja
Dickhoff_Essener Straßen_2015_2.pdf	91	2026	4121	399	ja
Dickhoff_Essener Straßen_2015_2.pdf	92	2088	4117	268	ja
Dickhoff_Essener Straßen_2015_2.pdf	93	2063	4125	300	ja
Dickhoff_Essener Straßen_2015_2.pdf	94	2078	4100	241	ja
